{"stats":{"minecraft:dropped":{"minecraft:golden_boots":2,"minecraft:bread":23,"minecraft:iron_sword":1,"minecraft:birch_planks":16,"minecraft:porkchop":5,"minecraft:glass_bottle":1,"minecraft:diamond":1,"minecraft:crafting_table":1,"minecraft:poisonous_potato":1,"minecraft:crossbow":2,"biomesoplenty:lavender":1,"minecraft:cobblestone":12,"minecraft:granite":4,"minecraft:purple_dye":1,"biomesoplenty:jacaranda_log":4,"minecraft:dirt":30,"minecraft:dark_oak_log":12,"minecraft:diorite":8,"minecraft:golden_carrot":10,"minecraft:torch":39,"minecraft:string":7,"minecraft:tripwire_hook":1,"minecraft:white_wool":10,"minecraft:gold_ingot":1,"minecraft:bone":8,"minecraft:goat_horn":2,"minecraft:golden_chestplate":2,"minecraft:raw_copper":13,"minecraft:birch_sapling":4,"minecraft:rotten_flesh":2,"sophisticatedbackpacks:backpack":2,"minecraft:white_bed":2,"minecraft:filled_map":2,"minecraft:leather_chestplate":3,"minecraft:shield":1,"minecraft:golden_leggings":1,"minecraft:ladder":1,"minecraft:chest":4,"sophisticatedbackpacks:copper_backpack":1,"minecraft:arrow":3,"minecraft:bow":1,"minecraft:stone_pickaxe":3},"minecraft:custom":{"lootr:looted_stat":20,"minecraft:mob_kills":102,"minecraft:interact_with_crafting_table":24,"minecraft:leave_game":4,"minecraft:time_since_death":10068,"minecraft:climb_one_cm":3941,"minecraft:sprint_one_cm":399643,"minecraft:walk_one_cm":438843,"minecraft:damage_blocked_by_shield":250,"minecraft:drop":61,"minecraft:talked_to_villager":2,"minecraft:play_time":128346,"minecraft:deaths":17,"minecraft:sneak_time":1134,"minecraft:walk_under_water_one_cm":3836,"minecraft:jump":2191,"minecraft:walk_on_water_one_cm":6631,"minecraft:total_world_time":128346,"minecraft:interact_with_furnace":19,"minecraft:sleep_in_bed":8,"minecraft:time_since_rest":10127,"minecraft:damage_taken":6558,"minecraft:damage_absorbed":40,"minecraft:damage_dealt":13622,"minecraft:player_kills":2,"minecraft:fly_one_cm":323281,"minecraft:swim_one_cm":4401,"minecraft:open_chest":5,"minecraft:crouch_one_cm":2685,"minecraft:fall_one_cm":65335},"minecraft:picked_up":{"biomesoplenty:redwood_log":1,"minecraft:iron_chestplate":1,"minecraft:crafting_table":11,"minecraft:purple_wool":6,"minecraft:chicken":3,"minecraft:ladder":2,"minecraft:string":4,"minecraft:raw_copper":13,"minecraft:cobbled_deepslate":2,"minecraft:beef":24,"minecraft:poppy":2,"biomesoplenty:redwood_wood":1,"minecraft:chest":2,"minecraft:birch_sapling":4,"minecraft:furnace":3,"minecraft:golden_helmet":1,"iceandfire:pixie_dust":2,"minecraft:stick":4,"minecraft:raw_iron":20,"minecraft:torch":4,"sophisticatedbackpacks:backpack":1,"minecraft:porkchop":5,"minecraft:diorite":8,"minecraft:golden_chestplate":1,"minecraft:goat_horn":1,"minecraft:arrow":7,"minecraft:rotten_flesh":4,"biomesoplenty:jacaranda_log":4,"sophisticatedbackpacks:copper_backpack":2,"minecraft:gold_ingot":1,"minecraft:mutton":29,"minecraft:white_wool":15,"minecraft:cobblestone":166,"biomesoplenty:lavender":1,"minecraft:birch_log":47,"minecraft:leather_chestplate":1,"minecraft:cooked_beef":14,"minecraft:feather":6,"minecraft:black_bed":2,"minecraft:brown_wool":1,"minecraft:leather":16,"minecraft:filled_map":1,"minecraft:birch_planks":19,"minecraft:lapis_lazuli":80,"minecraft:dirt":57,"minecraft:cooked_mutton":2,"minecraft:bone":9,"minecraft:wheat_seeds":1,"minecraft:raw_gold":1,"minecraft:stone_pickaxe":2,"minecraft:cooked_chicken":5,"ironfurnaces:iron_furnace":1,"minecraft:oak_planks":7,"minecraft:purple_concrete":2,"minecraft:book":50,"minecraft:cooked_porkchop":8,"minecraft:white_bed":2,"minecraft:dark_oak_log":6,"minecraft:crossbow":1,"minecraft:granite":7,"minecraft:gray_wool":1,"minecraft:coal":27,"minecraft:ender_pearl":1},"minecraft:mined":{"minecraft:white_bed":2,"minecraft:ladder":2,"minecraft:granite":7,"minecraft:grass_block":11,"biomesoplenty:jacaranda_log":5,"minecraft:furnace":3,"minecraft:fire":4,"minecraft:iron_ore":17,"biomesoplenty:lavender":2,"minecraft:andesite":1,"minecraft:deepslate_lapis_ore":10,"minecraft:bookshelf":15,"minecraft:deepslate_iron_ore":3,"biomesoplenty:webbing":5,"minecraft:stone":162,"biomesoplenty:spider_egg":1,"biomesoplenty:jacaranda_leaves":2,"ironfurnaces:iron_furnace":1,"minecraft:crafting_table":11,"minecraft:torch":3,"iceandfire:pixie_house_mushroom_brown":1,"minecraft:copper_ore":4,"minecraft:lapis_ore":2,"minecraft:diorite":8,"minecraft:wall_torch":1,"minecraft:purple_wool":7,"minecraft:birch_planks":4,"minecraft:blue_terracotta":2,"minecraft:birch_log":44,"minecraft:birch_leaves":2,"minecraft:purple_concrete":2,"minecraft:black_bed":1,"minecraft:grass":4,"biomesoplenty:clover":3,"minecraft:coal_ore":27,"minecraft:dirt":15,"minecraft:red_mushroom_block":2,"minecraft:gold_ore":1,"minecraft:fern":1},"minecraft:crafted":{"minecraft:furnace":1,"ironfurnaces:iron_furnace":1,"minecraft:cooked_mutton":6,"simplyswords:iron_greataxe":1,"minecraft:stone_pickaxe":1,"minecraft:chest":3,"minecraft:cooked_beef":17,"sophisticatedbackpacks:backpack":1,"minecraft:crafting_table":4,"minecraft:wooden_pickaxe":1,"minecraft:birch_planks":188,"minecraft:stone_axe":1,"minecraft:bread":51,"minecraft:air":0,"minecraft:iron_chestplate":1,"minecraft:shield":2,"minecraft:stick":20,"minecraft:iron_ingot":0,"minecraft:iron_pickaxe":1,"minecraft:stone_sword":1,"minecraft:white_bed":3,"minecraft:torch":60},"minecraft:killed_by":{"minecraft:player":1,"minecraft:creeper":2,"minecraft:spider":1,"minecraft:pillager":10,"minecraft:enderman":1,"minecraft:vindicator":2},"minecraft:used":{"minecraft:stone_sword":18,"minecraft:flint_and_steel":5,"minecraft:ladder":1,"minecraft:spruce_planks":4,"minecraft:shield":21,"minecraft:iron_sword":38,"minecraft:torch":5,"minecraft:dirt":23,"simplyswords:diamond_sai":1,"minecraft:granite":1,"minecraft:iron_axe":11,"minecraft:iron_helmet":1,"ironfurnaces:iron_furnace":1,"minecraft:bow":22,"minecraft:furnace":3,"minecraft:cooked_beef":3,"minecraft:cooked_mutton":15,"minecraft:birch_planks":6,"minecraft:stone_pickaxe":25,"minecraft:oak_planks":1,"minecraft:wooden_pickaxe":23,"minecraft:leather_chestplate":1,"minecraft:golden_apple":1,"minecraft:crafting_table":12,"simplyswords:iron_greataxe":140,"minecraft:white_bed":2,"minecraft:black_bed":1,"minecraft:bread":13,"minecraft:iron_pickaxe":222,"minecraft:golden_leggings":1,"minecraft:stone_axe":94,"minecraft:cobblestone":16,"minecraft:gray_wool":1,"minecraft:purple_wool":2,"minecraft:experience_bottle":1},"minecraft:killed":{"minecraft:cave_spider":6,"minecraft:spider":2,"lummobs:skull_1":1,"minecraft:skeleton":5,"minecraft:chicken":8,"minecraft:pig":6,"minecraft:zombie_villager":1,"minecraft:sheep":17,"minecraft:pillager":17,"minecraft:zombie":15,"lummobs:angel":1,"iceandfire:pixie":2,"minecraft:cow":18,"minecraft:enderman":1}},"DataVersion":3465}