{"stats":{"minecraft:mined":{"minecraft:dark_prismarine":2,"minecraft:diamond_ore":2,"minecraft:white_bed":5,"iceandfire:silver_ore":5,"iceandfire:pixie_house_birch":1,"minecraft:spruce_trapdoor":1,"minecraft:granite":9,"minecraft:grass_block":5,"minecraft:jungle_planks":6,"iceandfire:pixie_house_oak":1,"minecraft:white_concrete":4,"biomesoplenty:jacaranda_log":6,"biomesoplenty:tall_lavender":1,"minecraft:furnace":2,"minecraft:iron_ore":11,"biomesoplenty:lavender":2,"minecraft:andesite":2,"minecraft:deepslate_lapis_ore":1,"biomesoplenty:magic_log":3,"biomesoplenty:glowshroom_block":2,"biomesoplenty:high_grass":8,"minecraft:deepslate_iron_ore":1,"minecraft:vine":1,"biomesoplenty:glowflower":3,"minecraft:lantern":2,"iceandfire:pixie_house_spruce":2,"minecraft:stone":282,"minecraft:podzol":2,"biomesoplenty:jacaranda_leaves":1,"minecraft:deepslate_redstone_ore":5,"biomesoplenty:glowing_moss_carpet":1,"minecraft:clay":4,"minecraft:torch":3,"iceandfire:pixie_house_mushroom_brown":1,"minecraft:melon":2,"minecraft:campfire":1,"minecraft:mushroom_stem":7,"biomesoplenty:high_grass_plant":3,"minecraft:tall_grass":1,"minecraft:copper_ore":1,"minecraft:cobblestone":8,"biomesoplenty:sprout":2,"biomesoplenty:huge_clover_petal":4,"minecraft:sugar_cane":2,"minecraft:bricks":1,"minecraft:diorite":24,"minecraft:iron_door":2,"minecraft:wall_torch":10,"minecraft:purple_bed":8,"minecraft:repeater":1,"biomesoplenty:mahogany_log":20,"minecraft:birch_log":16,"biomesoplenty:pink_daffodil":13,"minecraft:birch_leaves":1,"iceandfire:pixie_house_mushroom_red":3,"minecraft:stripped_oak_wood":2,"minecraft:grass":24,"biomesoplenty:clover":1,"minecraft:oak_log":6,"minecraft:coal_ore":15,"minecraft:gravel":1,"minecraft:dirt":21,"minecraft:smooth_basalt":2,"minecraft:terracotta":2,"minecraft:acacia_planks":3,"minecraft:red_mushroom_block":1,"minecraft:stonecutter":1,"minecraft:gold_ore":5,"minecraft:oak_leaves":1,"minecraft:deepslate":21,"minecraft:fern":4},"minecraft:dropped":{"minecraft:wheat_seeds":1,"minecraft:apple":2,"minecraft:rotten_flesh":4,"minecraft:cooked_mutton":1,"minecraft:white_bed":2,"minecraft:leather_chestplate":1},"minecraft:killed_by":{"minecraft:creeper":1},"minecraft:broken":{"minecraft:stone_pickaxe":1,"minecraft:golden_axe":1,"minecraft:golden_pickaxe":1},"minecraft:killed":{"minecraft:cave_spider":1,"minecraft:witch":1,"minecraft:skeleton":1,"minecraft:pig":1,"minecraft:sheep":5,"minecraft:pillager":2,"minecraft:zombie":6,"iceandfire:pixie":3,"minecraft:cow":1},"minecraft:picked_up":{"minecraft:mud":4,"minecraft:charcoal":2,"minecraft:iron_chestplate":2,"minecraft:crafting_table":1,"iceandfire:pixie_house_oak":1,"minecraft:clay_ball":16,"biomesoplenty:jacaranda_sapling":1,"minecraft:string":1,"minecraft:raw_copper":38,"biomesoplenty:tall_lavender":1,"minecraft:cobbled_deepslate":21,"minecraft:beef":3,"minecraft:poppy":1,"minecraft:melon_slice":6,"minecraft:sugar_cane":6,"minecraft:chest":4,"minecraft:spruce_trapdoor":1,"minecraft:furnace":1,"iceandfire:pixie_dust":1,"minecraft:stick":15,"minecraft:raw_iron":11,"minecraft:torch":84,"sophisticatedbackpacks:backpack":1,"minecraft:porkchop":2,"minecraft:diorite":22,"minecraft:redstone":85,"minecraft:arrow":4,"minecraft:rotten_flesh":9,"biomesoplenty:jacaranda_log":7,"minecraft:mutton":9,"minecraft:iron_bars":1,"minecraft:white_wool":5,"minecraft:cobblestone":401,"biomesoplenty:lavender":3,"minecraft:birch_log":16,"minecraft:leather_chestplate":2,"minecraft:iron_door":2,"minecraft:tripwire_hook":2,"minecraft:andesite":2,"minecraft:golden_leggings":1,"minecraft:red_mushroom":2,"minecraft:filled_map":2,"minecraft:tuff":1,"minecraft:oak_log":6,"minecraft:golden_boots":2,"minecraft:lapis_lazuli":4,"minecraft:dirt":37,"minecraft:lantern":4,"iceandfire:pixie_house_mushroom_red":3,"biomesoplenty:glowing_moss_carpet":1,"minecraft:cooked_mutton":3,"minecraft:bone":8,"minecraft:acacia_planks":3,"minecraft:apple":3,"minecraft:stonecutter":1,"minecraft:bow":1,"minecraft:wheat_seeds":5,"minecraft:raw_gold":5,"minecraft:stone_pickaxe":1,"biomesoplenty:magic_log":3,"minecraft:glass_bottle":1,"minecraft:oak_planks":13,"minecraft:iron_sword":3,"minecraft:smooth_basalt":1,"minecraft:poisonous_potato":1,"iceandfire:pixie_house_birch":3,"minecraft:jungle_planks":7,"minecraft:white_bed":11,"minecraft:dark_prismarine":2,"biomesoplenty:glowflower":3,"biomesoplenty:mahogany_log":20,"minecraft:blue_terracotta":1,"minecraft:purple_bed":9,"minecraft:diamond":2,"iceandfire:pixie_house_spruce":2,"minecraft:granite":53,"minecraft:white_concrete":4,"minecraft:bread":34,"minecraft:emerald":3,"minecraft:terracotta":2,"biomesoplenty:pink_daffodil":13,"minecraft:black_wool":1,"minecraft:bricks":1,"minecraft:coal":15,"iceandfire:raw_silver":5},"minecraft:crafted":{"biomesoplenty:mahogany_planks":76,"minecraft:cooked_mutton":5,"minecraft:stone_pickaxe":2,"minecraft:chest":1,"biomesoplenty:magic_planks":4,"biomesoplenty:jacaranda_planks":28,"minecraft:crafting_table":2,"minecraft:birch_planks":24,"minecraft:stick":8,"minecraft:gold_ingot":6,"minecraft:white_bed":1},"minecraft:custom":{"lootr:looted_stat":13,"minecraft:mob_kills":22,"minecraft:interact_with_crafting_table":12,"goblintraders:trade_with_goblin":2,"minecraft:leave_game":10,"minecraft:time_since_death":200319,"minecraft:climb_one_cm":53042,"minecraft:sprint_one_cm":613478,"minecraft:walk_one_cm":1156083,"minecraft:drop":11,"minecraft:play_time":233457,"minecraft:sneak_time":2460,"minecraft:deaths":2,"minecraft:walk_under_water_one_cm":15001,"minecraft:jump":2754,"minecraft:walk_on_water_one_cm":79273,"minecraft:total_world_time":233457,"minecraft:interact_with_furnace":9,"minecraft:sleep_in_bed":17,"minecraft:time_since_rest":12363,"minecraft:damage_taken":1924,"minecraft:damage_dealt":4146,"minecraft:swim_one_cm":47803,"minecraft:fly_one_cm":164450,"minecraft:player_kills":2,"minecraft:open_chest":32,"minecraft:crouch_one_cm":8980,"minecraft:fall_one_cm":33344},"minecraft:used":{"biomesoplenty:mahogany_planks":28,"minecraft:chest":3,"minecraft:stone":1,"minecraft:iron_sword":22,"minecraft:torch":83,"minecraft:dirt":12,"minecraft:tuff":1,"minecraft:granite":2,"minecraft:furnace":1,"minecraft:potato":1,"minecraft:golden_axe":98,"minecraft:cooked_mutton":5,"minecraft:birch_planks":18,"biomesoplenty:magic_log":1,"minecraft:stone_pickaxe":249,"minecraft:crafting_table":3,"minecraft:white_bed":9,"biomesoplenty:jacaranda_planks":2,"minecraft:redstone_torch":3,"minecraft:mud":2,"minecraft:apple":2,"minecraft:bread":32,"minecraft:melon_slice":6,"minecraft:iron_pickaxe":155,"minecraft:cobblestone":57,"minecraft:purple_bed":9,"minecraft:golden_pickaxe":32}},"DataVersion":3465}