{"stats":{"minecraft:crafted":{"minecraft:wooden_sword":1,"minecraft:oak_planks":60,"minecraft:stone_shovel":1,"minecraft:fishing_rod":2,"minecraft:cooked_chicken":6,"minecraft:furnace":2,"minecraft:cooked_mutton":32,"minecraft:stone_pickaxe":26,"minecraft:chest":2,"minecraft:dark_oak_planks":12,"minecraft:cooked_beef":19,"minecraft:arrow":40,"minecraft:emerald":29,"minecraft:cooked_porkchop":11,"minecraft:crafting_table":9,"biomesoplenty:redwood_planks":240,"minecraft:wooden_pickaxe":2,"minecraft:birch_planks":8,"minecraft:air":0,"minecraft:shield":1,"minecraft:stick":166,"minecraft:flint":64,"minecraft:iron_ingot":43,"minecraft:iron_pickaxe":3,"minecraft:wooden_axe":1,"minecraft:white_bed":1,"minecraft:torch":172},"minecraft:killed":{"minecraft:skeleton":21,"minecraft:chicken":6,"minecraft:magma_cube":8,"minecraft:pig":5,"minecraft:sheep":20,"minecraft:zombie":7,"minecraft:cow":8},"minecraft:custom":{"lootr:looted_stat":10,"minecraft:mob_kills":75,"minecraft:interact_with_crafting_table":39,"goblintraders:trade_with_goblin":61,"minecraft:leave_game":2,"minecraft:time_since_death":198466,"minecraft:climb_one_cm":31087,"minecraft:sprint_one_cm":665697,"minecraft:walk_one_cm":611620,"minecraft:drop":93,"minecraft:talked_to_villager":3,"minecraft:play_time":298388,"minecraft:deaths":6,"minecraft:sneak_time":2351,"minecraft:walk_under_water_one_cm":11118,"minecraft:jump":2388,"minecraft:walk_on_water_one_cm":10564,"minecraft:total_world_time":298388,"minecraft:interact_with_furnace":62,"minecraft:sleep_in_bed":15,"minecraft:time_since_rest":20511,"minecraft:damage_taken":4491,"minecraft:damage_dealt":11188,"minecraft:swim_one_cm":43413,"minecraft:fly_one_cm":320545,"minecraft:player_kills":1,"minecraft:open_chest":46,"minecraft:crouch_one_cm":5813,"minecraft:fall_one_cm":49794,"minecraft:inspect_dispenser":2,"minecraft:horse_one_cm":1014},"minecraft:picked_up":{"minecraft:wooden_axe":3,"biomesoplenty:redwood_log":12,"minecraft:crafting_table":6,"minecraft:chicken":6,"iceandfire:dragonbone_arrow":1,"iceandfire:amphithere_arrow":1,"minecraft:string":15,"minecraft:raw_copper":90,"minecraft:wooden_sword":4,"minecraft:tnt_minecart":3,"minecraft:cobbled_deepslate":19,"minecraft:beef":16,"biomesoplenty:redwood_wood":50,"minecraft:egg":3,"minecraft:furnace":4,"minecraft:stick":82,"minecraft:raw_iron":61,"iceandfire:pixie_house_mushroom_brown":1,"minecraft:torch":28,"minecraft:porkchop":11,"minecraft:diorite":141,"minecraft:arrow":23,"minecraft:rotten_flesh":8,"minecraft:gold_ingot":2,"minecraft:white_terracotta":2,"minecraft:mutton":29,"minecraft:obsidian":7,"minecraft:white_wool":16,"minecraft:cobblestone":1875,"minecraft:birch_log":2,"minecraft:feather":10,"minecraft:tripwire_hook":3,"minecraft:golden_carrot":10,"minecraft:iron_door":1,"minecraft:andesite":387,"minecraft:black_bed":4,"minecraft:leather":6,"biomesoplenty:glowshroom":1,"minecraft:birch_planks":1,"minecraft:flint":17,"minecraft:tuff":2,"minecraft:oak_log":13,"minecraft:lapis_lazuli":113,"minecraft:dirt":49,"minecraft:bone":16,"minecraft:apple":2,"minecraft:bow":2,"minecraft:wheat_seeds":3,"minecraft:iron_ingot":1,"minecraft:stripped_oak_wood":2,"minecraft:oak_planks":1,"minecraft:iron_sword":3,"minecraft:dandelion":1,"iceandfire:pixie_house_birch":1,"minecraft:gravel":96,"minecraft:jungle_planks":2,"minecraft:white_bed":11,"minecraft:spectral_arrow":2,"minecraft:purple_bed":1,"minecraft:diamond":1,"minecraft:iron_helmet":1,"minecraft:granite":295,"minecraft:black_wool":1,"minecraft:dark_oak_wood":3,"minecraft:coal":119,"iceandfire:raw_silver":7},"minecraft:killed_by":{"minecraft:player":3,"minecraft:spider":1,"minecraft:vindicator":1,"minecraft:skeleton":1},"minecraft:mined":{"minecraft:tuff":2,"biomesoplenty:glowshroom":1,"biomesoplenty:watergrass":1,"minecraft:white_bed":7,"iceandfire:silver_ore":7,"iceandfire:pixie_house_birch":2,"minecraft:granite":510,"minecraft:grass_block":11,"minecraft:jungle_planks":2,"minecraft:spawner":4,"minecraft:black_stained_glass_pane":1,"minecraft:furnace":3,"minecraft:iron_ore":54,"minecraft:andesite":260,"minecraft:deepslate_lapis_ore":8,"minecraft:deepslate_iron_ore":6,"minecraft:vine":2,"biomesoplenty:redwood_log":13,"biomesoplenty:webbing":1,"minecraft:light_gray_concrete":5,"minecraft:stone":2211,"minecraft:redstone_wall_torch":1,"minecraft:podzol":4,"biomesoplenty:jacaranda_leaves":1,"minecraft:gray_concrete":3,"minecraft:brown_mushroom":1,"minecraft:dandelion":1,"minecraft:chiseled_quartz_block":4,"minecraft:crafting_table":6,"minecraft:torch":1,"minecraft:dark_oak_wood":3,"minecraft:chest":2,"minecraft:white_stained_glass_pane":1,"minecraft:mushroom_stem":2,"minecraft:copper_ore":28,"minecraft:cobblestone":16,"minecraft:lapis_ore":10,"minecraft:oak_planks":1,"minecraft:diorite":101,"minecraft:iron_door":1,"minecraft:wall_torch":5,"minecraft:white_terracotta":2,"minecraft:gray_wool":2,"minecraft:purple_bed":1,"minecraft:light_gray_stained_glass":1,"minecraft:birch_log":2,"minecraft:birch_leaves":1,"minecraft:stripped_oak_wood":2,"minecraft:black_bed":4,"minecraft:grass":11,"minecraft:oak_log":13,"minecraft:coal_ore":118,"minecraft:smooth_quartz":13,"minecraft:gravel":128,"minecraft:dirt":21,"minecraft:cobweb":13,"minecraft:tripwire_hook":1,"minecraft:stone_bricks":1,"minecraft:deepslate":13,"biomesoplenty:redwood_wood":51,"minecraft:oak_leaves":3},"minecraft:dropped":{"minecraft:iron_sword":2,"minecraft:birch_planks":1,"minecraft:wheat_seeds":2,"minecraft:poisonous_potato":1,"minecraft:cobblestone":761,"minecraft:black_bed":1,"minecraft:granite":286,"minecraft:jungle_planks":2,"minecraft:flint":2,"minecraft:dirt":8,"minecraft:diorite":80,"minecraft:torch":46,"minecraft:mutton":2,"minecraft:wooden_axe":4,"minecraft:iron_door":1,"minecraft:wooden_sword":5,"biomesoplenty:glowshroom":1,"minecraft:string":1,"minecraft:tripwire_hook":2,"iceandfire:pixie_house_birch":1,"minecraft:gravel":45,"minecraft:cobbled_deepslate":10,"minecraft:raw_copper":55,"minecraft:rotten_flesh":7,"minecraft:oak_planks":14,"minecraft:cooked_mutton":2,"minecraft:white_bed":5,"minecraft:filled_map":1,"minecraft:poppy":2,"minecraft:andesite":355,"minecraft:purple_bed":1,"minecraft:stone_pickaxe":2,"minecraft:black_wool":1},"minecraft:used":{"minecraft:stone_shovel":54,"minecraft:chest":2,"minecraft:iron_sword":195,"minecraft:torch":127,"minecraft:dirt":41,"minecraft:golden_shovel":22,"minecraft:tuff":2,"minecraft:obsidian":2,"minecraft:dark_oak_planks":5,"minecraft:wooden_axe":17,"minecraft:iron_axe":90,"minecraft:golden_carrot":17,"minecraft:bow":4,"minecraft:furnace":6,"minecraft:egg":3,"minecraft:cooked_beef":4,"minecraft:cobbled_deepslate":9,"minecraft:cooked_mutton":18,"minecraft:diorite":34,"minecraft:stone_pickaxe":3042,"minecraft:wooden_pickaxe":118,"minecraft:white_wool":2,"minecraft:golden_apple":1,"minecraft:crafting_table":13,"minecraft:white_bed":6,"minecraft:black_bed":3,"minecraft:apple":3,"minecraft:iron_pickaxe":253,"minecraft:gravel":11,"minecraft:cobblestone":2,"minecraft:cooked_porkchop":5,"minecraft:dandelion":1},"minecraft:broken":{"minecraft:golden_shovel":1,"minecraft:wooden_pickaxe":2,"minecraft:stone_pickaxe":22,"minecraft:iron_pickaxe":1}},"DataVersion":3465}