{"stats":{"minecraft:crafted":{"minecraft:cooked_beef":3,"minecraft:wooden_sword":1,"minecraft:crafting_table":2,"minecraft:stick":24,"minecraft:wooden_pickaxe":1,"minecraft:stone_pickaxe":3,"minecraft:wooden_axe":1,"biomesoplenty:magic_planks":4,"minecraft:furnace":1,"minecraft:torch":36,"minecraft:birch_planks":24},"minecraft:killed":{"minecraft:spider":1,"minecraft:cow":1},"minecraft:custom":{"minecraft:time_since_rest":25796,"minecraft:interact_with_furnace":4,"minecraft:sprint_one_cm":45542,"minecraft:damage_taken":130,"minecraft:walk_one_cm":72747,"minecraft:mob_kills":2,"minecraft:drop":2,"minecraft:damage_dealt":300,"minecraft:interact_with_crafting_table":6,"minecraft:fly_one_cm":48621,"minecraft:play_time":25796,"minecraft:walk_under_water_one_cm":251,"minecraft:jump":425,"minecraft:leave_game":1,"minecraft:walk_on_water_one_cm":1139,"minecraft:time_since_death":25796,"minecraft:climb_one_cm":363,"minecraft:total_world_time":25796,"minecraft:fall_one_cm":5053},"minecraft:picked_up":{"minecraft:birch_log":6,"minecraft:crafting_table":4,"iceandfire:pixie_house_oak":1,"minecraft:leather":2,"minecraft:torch":6,"biomesoplenty:stripped_magic_log":1,"minecraft:diorite":13,"minecraft:dirt":31,"minecraft:string":2,"minecraft:raw_copper":15,"biomesoplenty:glowflower":1,"minecraft:apple":1,"minecraft:beef":3,"biomesoplenty:magic_log":17,"biomesoplenty:pink_daffodil":1,"minecraft:coal":32,"iceandfire:raw_silver":4,"minecraft:cobblestone":106,"minecraft:furnace":1},"minecraft:dropped":{"minecraft:cooked_beef":1,"minecraft:wooden_pickaxe":1},"minecraft:mined":{"biomesoplenty:magic_leaves":1,"minecraft:furnace":1,"iceandfire:silver_ore":4,"minecraft:birch_log":6,"biomesoplenty:pink_daffodil":1,"minecraft:birch_leaves":2,"minecraft:crafting_table":4,"biomesoplenty:stripped_magic_log":1,"biomesoplenty:magic_log":17,"minecraft:grass":8,"biomesoplenty:bush":1,"minecraft:grass_block":4,"biomesoplenty:clover":1,"minecraft:coal_ore":33,"minecraft:dirt":30,"minecraft:cobblestone":1,"minecraft:copper_ore":5,"biomesoplenty:sprout":5,"minecraft:stone":116,"minecraft:diorite":15,"minecraft:wall_torch":6},"minecraft:used":{"minecraft:wooden_axe":25,"minecraft:stone_pickaxe":196,"minecraft:wooden_pickaxe":4,"minecraft:torch":26,"minecraft:wooden_sword":5,"minecraft:cobblestone":4,"minecraft:crafting_table":5,"minecraft:furnace":1,"minecraft:cooked_beef":2},"minecraft:broken":{"minecraft:stone_pickaxe":1}},"DataVersion":3465}