{"stats":{"minecraft:crafted":{"minecraft:oak_planks":24,"minecraft:stick":4,"minecraft:wooden_axe":1},"minecraft:used":{"minecraft:wooden_axe":31,"minecraft:wooden_pickaxe":27,"minecraft:cooked_beef":1},"minecraft:mined":{"minecraft:white_bed":1,"minecraft:grass":6,"biomesoplenty:bush":7,"biomesoplenty:clover":8,"minecraft:coal_ore":10,"minecraft:oak_log":6,"minecraft:poppy":1,"biomesoplenty:glowflower":1,"iceandfire:pixie_house_spruce":2,"iceandfire:pixie_house_oak":1,"minecraft:mushroom_stem":5,"minecraft:red_mushroom_block":1,"biomesoplenty:sprout":2,"minecraft:stone":16,"minecraft:oak_leaves":1},"minecraft:custom":{"minecraft:time_since_rest":5726,"minecraft:interact_with_furnace":2,"minecraft:sprint_one_cm":37691,"minecraft:damage_taken":353,"minecraft:walk_one_cm":143542,"minecraft:mob_kills":7,"minecraft:drop":2,"minecraft:damage_dealt":1124,"minecraft:interact_with_crafting_table":1,"minecraft:fly_one_cm":35491,"minecraft:crouch_one_cm":1465,"minecraft:play_time":26363,"minecraft:deaths":1,"minecraft:sneak_time":436,"minecraft:jump":455,"minecraft:leave_game":1,"minecraft:time_since_death":5672,"minecraft:sleep_in_bed":1,"minecraft:total_world_time":26363,"minecraft:fall_one_cm":6287},"minecraft:dropped":{"minecraft:furnace":2},"minecraft:killed_by":{"minecraft:player":1},"minecraft:picked_up":{"minecraft:cooked_beef":1,"minecraft:leather":4,"minecraft:wooden_pickaxe":1,"minecraft:oak_log":6,"biomesoplenty:glowflower":1,"iceandfire:pixie_house_spruce":1,"minecraft:beef":3,"minecraft:oak_sapling":1,"minecraft:mutton":7,"minecraft:coal":11,"minecraft:white_wool":4,"minecraft:cobblestone":15,"minecraft:furnace":2},"minecraft:killed":{"minecraft:sheep":4,"minecraft:llama":1,"minecraft:cow":2}},"DataVersion":3465}